-- phpMyAdmin SQL Dump
-- version 5.2.1
-- https://www.phpmyadmin.net/
--
-- Host: 127.0.0.1
-- Generation Time: May 18, 2025 at 07:57 PM
-- Server version: 10.4.28-MariaDB
-- PHP Version: 8.2.4

SET SQL_MODE = "NO_AUTO_VALUE_ON_ZERO";
START TRANSACTION;
SET time_zone = "+00:00";


/*!40101 SET @OLD_CHARACTER_SET_CLIENT=@@CHARACTER_SET_CLIENT */;
/*!40101 SET @OLD_CHARACTER_SET_RESULTS=@@CHARACTER_SET_RESULTS */;
/*!40101 SET @OLD_COLLATION_CONNECTION=@@COLLATION_CONNECTION */;
/*!40101 SET NAMES utf8mb4 */;

--
-- Database: `adatbazis_beadando`
--

-- --------------------------------------------------------

--
-- Table structure for table `jelentkezes`
--

CREATE TABLE `jelentkezes` (
  `sorszam` int(9) NOT NULL,
  `tanulo_id` int(8) DEFAULT NULL,
  `tanfolyam_id` int(2) DEFAULT NULL,
  `oktato_id` int(8) DEFAULT NULL,
  `datum` date DEFAULT NULL
) ENGINE=InnoDB DEFAULT CHARSET=utf8 COLLATE=utf8_general_ci;

--
-- Dumping data for table `jelentkezes`
--

INSERT INTO `jelentkezes` (`sorszam`, `tanulo_id`, `tanfolyam_id`, `oktato_id`, `datum`) VALUES
(5066755, 30794230, 8, 91104201, '2023-01-31'),
(6756551, 81219728, 1, 7873846, '2023-04-24'),
(16215330, 56454662, 10, 89179832, '2023-09-14'),
(18294852, 26793066, 4, 19024053, '2023-09-20'),
(20544969, 17534639, 8, 91104201, '2023-06-30'),
(26445166, 34834866, 5, 31304724, '2023-08-17'),
(29668191, 56602811, 11, 31304724, '2023-09-24'),
(40481748, 19980571, 10, 29103833, '2023-10-31'),
(51968673, 90619121, 3, 31304724, '2023-09-04'),
(55972871, 39088011, 10, 31304724, '2023-11-24'),
(72347547, 77065802, 3, 67752358, '2023-04-18'),
(96156163, 50998854, 1, 33718088, '2023-07-03'),
(112258894, 65063424, 2, 67752358, '2023-08-25'),
(112327156, 81881796, 5, 33718088, '2023-06-12'),
(120007467, 91501862, 10, 12054998, '2023-08-08'),
(120177317, 34834866, 2, 77264355, '2023-11-10'),
(124374007, 82876556, 10, 18669173, '2023-06-06'),
(125191722, 18778188, 11, 4288868, '2023-10-31'),
(126829664, 22999221, 11, 19024053, '2023-05-19'),
(130131365, 65772918, 3, 77264355, '2023-05-21'),
(135879629, 19980571, 11, 67752358, '2023-05-10'),
(153905365, 87741244, 13, 31304724, '2023-01-26'),
(192789187, 26671192, 2, 18669173, '2023-04-10'),
(194957448, 46709293, 12, 87298048, '2023-08-31'),
(222167313, 99285924, 14, 7873846, '2023-03-20'),
(226891755, 54246465, 13, 15941741, '2023-02-10'),
(247561509, 28983479, 1, 12054998, '2023-04-27'),
(259913860, 38091562, 13, 90781370, '2023-01-04'),
(262371273, 6016908, 13, 7873846, '2023-04-09'),
(266558196, 40602962, 1, 91104201, '2023-02-02'),
(271587450, 26671192, 3, 67752358, '2023-11-25'),
(274986307, 65158652, 4, 48993770, '2023-07-28'),
(279614865, 28343997, 12, 81761050, '2023-12-05'),
(281744821, 25493052, 5, 29103833, '2023-01-01'),
(282181707, 38481470, 11, 89179832, '2023-08-11'),
(292287375, 17534639, 5, 87298048, '2023-05-04'),
(300281719, 50587637, 14, 29103833, '2023-08-15'),
(302950675, 66052573, 13, 91104201, '2023-01-15'),
(314514632, 68263007, 9, 89179832, '2023-04-21'),
(316409849, 94330566, 14, 90781370, '2023-06-18'),
(327267800, 19326487, 5, 72694889, '2023-01-03'),
(343122997, 58673846, 6, 33718088, '2023-09-12'),
(344470665, 71886785, 8, 6146224, '2023-05-25'),
(357832947, 87799363, 6, 77264355, '2023-06-26'),
(363113514, 28819001, 2, 4288868, '2023-05-15'),
(363564536, 4909517, 12, 15941741, '2023-08-21'),
(370256819, 74696770, 14, 6146224, '2023-12-30'),
(376488493, 50587637, 2, 90781370, '2023-04-11'),
(376909379, 33348726, 1, 33718088, '2023-01-14'),
(379667550, 6918365, 13, 72694889, '2023-10-14'),
(409829971, 84337209, 1, 81761050, '2023-06-24'),
(418654948, 50998854, 12, 7873846, '2023-05-22'),
(419839581, 6016908, 11, 4288868, '2023-06-03'),
(421746651, 38405165, 12, 91104201, '2023-10-30'),
(431942982, 70242690, 5, 87298048, '2023-07-21'),
(436082717, 85877379, 6, 19024053, '2023-02-21'),
(448994793, 77677599, 13, 29103833, '2023-10-08'),
(450464099, 60044507, 4, 72694889, '2023-08-05'),
(464138517, 11752570, 4, 48993770, '2023-11-05'),
(465217747, 682197, 11, 90781370, '2023-02-07'),
(474510108, 74696770, 11, 22912898, '2023-06-17'),
(477348343, 49060451, 13, 18669173, '2023-07-20'),
(480147103, 1711627, 10, 48993770, '2023-05-27'),
(494308970, 8060554, 12, 18669173, '2023-12-25'),
(508200001, 57079127, 6, 6146224, '2023-10-31'),
(513391477, 85844073, 2, 31304724, '2023-03-25'),
(545084683, 2985120, 5, 77264355, '2023-08-15'),
(547919842, 65073408, 13, 67752358, '2023-01-22'),
(561145442, 40602962, 9, 77264355, '2023-01-29'),
(565262824, 88659731, 12, 29103833, '2023-10-03'),
(580336733, 72005823, 7, 18669173, '2023-11-01'),
(587711613, 21414848, 5, 77264355, '2023-10-22'),
(587931022, 76034985, 2, 33718088, '2023-02-24'),
(596999090, 895795, 12, 4288868, '2023-11-04'),
(597972842, 44570845, 7, 67752358, '2023-03-22'),
(606848430, 85844073, 7, 6146224, '2023-06-14'),
(660098803, 78238424, 1, 81761050, '2023-03-25'),
(662247341, 73442967, 6, 90781370, '2023-11-11'),
(686560967, 93072699, 12, 6146224, '2023-11-20'),
(695431344, 17819186, 13, 91104201, '2023-04-12'),
(700662640, 63977746, 5, 31304724, '2023-08-07'),
(717154259, 19326487, 13, 19024053, '2023-12-07'),
(730192425, 55183048, 12, 72694889, '2023-05-10'),
(730736186, 17260889, 10, 48993770, '2023-04-28'),
(731987939, 60461315, 2, 33718088, '2023-02-06'),
(738360525, 63977746, 5, 67752358, '2023-09-24'),
(739242842, 90619121, 8, 31304724, '2023-11-01'),
(740772938, 70242690, 5, 91104201, '2023-01-02'),
(758798361, 75364248, 11, 72694889, '2023-02-12'),
(768210496, 99285924, 10, 6146224, '2023-02-17'),
(777571270, 30347240, 3, 91104201, '2023-06-15'),
(778178873, 24300736, 14, 12054998, '2023-01-24'),
(779850838, 61688129, 2, 31304724, '2023-04-23'),
(783335347, 39088011, 1, 72694889, '2023-06-07'),
(787299372, 77065802, 9, 81761050, '2023-02-04'),
(791810341, 87741244, 4, 72694889, '2023-11-26'),
(793852911, 71886785, 12, 29103833, '2023-09-12'),
(797355099, 77363168, 10, 19024053, '2023-09-26'),
(808191400, 65158652, 6, 33718088, '2023-01-28'),
(811799118, 3193206, 6, 67752358, '2023-03-15'),
(820712340, 90115871, 10, 6146224, '2023-12-05'),
(824927924, 22999221, 3, 90781370, '2023-06-28'),
(828266853, 95600735, 5, 7873846, '2023-07-22'),
(841428409, 30794230, 4, 7873846, '2023-11-13'),
(841794535, 93072699, 12, 19024053, '2023-02-05'),
(849086451, 36718282, 1, 7873846, '2023-02-27'),
(854936152, 40518483, 10, 67752358, '2023-09-09'),
(855836319, 33348726, 1, 29103833, '2023-06-07'),
(857103401, 49457067, 13, 6146224, '2023-12-14'),
(861805632, 34970697, 4, 15941741, '2023-03-29'),
(876547370, 36662423, 7, 7873846, '2023-08-30'),
(876766221, 8640576, 14, 15941741, '2023-09-13'),
(879406693, 77677599, 4, 89179832, '2023-10-30'),
(897850187, 84950036, 1, 90781370, '2023-03-21'),
(901046891, 22768787, 12, 22912898, '2023-07-17'),
(914835943, 65073408, 3, 91104201, '2023-06-26'),
(919108137, 61463254, 10, 22912898, '2023-08-05'),
(925038945, 8640576, 8, 18669173, '2023-05-09'),
(938931043, 10839587, 14, 6146224, '2023-10-28'),
(945859533, 95600735, 6, 18669173, '2023-01-06'),
(960256241, 8327722, 8, 31304724, '2023-08-16'),
(968322529, 66052573, 9, 19024053, '2023-07-29'),
(969566755, 517326, 2, 91104201, '2023-05-26'),
(970103122, 76774226, 3, 22912898, '2023-05-20'),
(974400893, 89981320, 1, 29103833, '2023-06-25'),
(981750022, 23935301, 2, 31304724, '2023-02-10'),
(986393803, 43628823, 12, 87298048, '2023-10-13'),
(993857869, 19691373, 14, 7873846, '2023-04-05'),
(998786616, 60781109, 13, 29103833, '2023-06-28'),
(999688371, 38091562, 4, 12054998, '2023-03-04');

-- --------------------------------------------------------

--
-- Table structure for table `oktato`
--

CREATE TABLE `oktato` (
  `oktato_id` int(8) NOT NULL,
  `nev` varchar(18) DEFAULT NULL,
  `telefonszam` varchar(19) DEFAULT NULL
) ENGINE=InnoDB DEFAULT CHARSET=utf8 COLLATE=utf8_general_ci;

--
-- Dumping data for table `oktato`
--

INSERT INTO `oktato` (`oktato_id`, `nev`, `telefonszam`) VALUES
(4288868, 'Dara Crowdy', '+255 (305) 484-5905'),
(6146224, 'Angelina Merrydew', '+62 (907) 307-3799'),
(7873846, 'Crystal Elsmore', '+62 (144) 391-0662'),
(12054998, 'Lanae Ivakhin', '+57 (371) 177-2932'),
(15941741, 'Urbanus Danilishin', '+86 (239) 306-4347'),
(18669173, 'Colette Managh', '+229 (653) 684-0782'),
(19024053, 'Ninette Finci', '+7 (199) 226-6787'),
(22912898, 'Shepherd Bamforth', '+86 (349) 277-2609'),
(29103833, 'Osborne Grece', '+351 (306) 104-5779'),
(31304724, 'Jolene Crosse', '+46 (251) 584-5815'),
(33718088, 'Huey Haldenby', '+52 (276) 325-6928'),
(48993770, 'Alain Baynes', '+55 (529) 453-9804'),
(67752358, 'Keenan Chapellow', '+86 (900) 848-7536'),
(72694889, 'Danya Grivori', '+20 (660) 615-7444'),
(77264355, 'Aubine Mitro', '+420 (342) 141-4729'),
(81761050, 'Sarajane Izzett', '+62 (424) 413-9290'),
(87298048, 'Arlena Rosenhaus', '+86 (782) 748-9656'),
(89179832, 'Arda Volette', '+63 (374) 238-1663'),
(90781370, 'Tiff Gunthorp', '+48 (748) 639-7132'),
(91104201, 'Izzy Vanne', '+86 (322) 569-0511');

-- --------------------------------------------------------

--
-- Table structure for table `tanfolyam`
--

CREATE TABLE `tanfolyam` (
  `tanfolyam_id` int(2) NOT NULL,
  `kategoria` varchar(3) DEFAULT NULL,
  `kezdes_datum` date DEFAULT NULL,
  `ar` int(7) DEFAULT NULL
) ENGINE=InnoDB DEFAULT CHARSET=utf8 COLLATE=utf8_general_ci;

--
-- Dumping data for table `tanfolyam`
--

INSERT INTO `tanfolyam` (`tanfolyam_id`, `kategoria`, `kezdes_datum`, `ar`) VALUES
(1, 'M', '2024-02-11', 266778),
(2, 'A', '2024-06-06', 938648),
(3, 'B1', '2024-10-28', 2065689),
(4, 'B1', '2024-03-23', 2331042),
(5, 'C1', '2024-10-18', 3209095),
(6, 'C1', '2024-07-25', 23804),
(7, 'D1', '2024-11-30', 3735882),
(8, 'D1', '2024-02-24', 849408),
(9, 'BE', '2024-09-17', 3945696),
(10, 'C1E', '2024-12-17', 2017608),
(11, 'CE', '2024-01-18', 2609987),
(12, 'D1E', '2024-02-25', 600015),
(13, 'DE', '2024-08-27', 3442332),
(14, 'T', '2024-11-02', 2577686),
(15, 'F', '2024-02-18', 1579533);

-- --------------------------------------------------------

--
-- Table structure for table `tanulo`
--

CREATE TABLE `tanulo` (
  `tanulo_id` int(8) NOT NULL,
  `nev` varchar(19) DEFAULT NULL,
  `szul_datum` date DEFAULT NULL,
  `telefonszam` varchar(19) DEFAULT NULL,
  `email` varchar(30) DEFAULT NULL
) ENGINE=InnoDB DEFAULT CHARSET=utf8 COLLATE=utf8_general_ci;

--
-- Dumping data for table `tanulo`
--

INSERT INTO `tanulo` (`tanulo_id`, `nev`, `szul_datum`, `telefonszam`, `email`) VALUES
(517326, 'Janaya Egdale', '1985-06-24', '+62 (715) 549-8112', 'jegdale2i@statcounter.com'),
(682197, 'Joye McOrkill', '1988-10-14', '+62 (487) 237-3261', 'jmcorkillg@dell.com'),
(895795, 'Margaret Charrier', '1987-11-09', '+63 (834) 606-1393', 'mcharrier3@behance.net'),
(1711627, 'Valery Stace', '1992-09-26', '+62 (750) 521-5756', 'vstace6@unicef.org'),
(2985120, 'Sherye Colafate', '2003-08-08', '+86 (283) 501-4931', 'scolafateu@slate.com'),
(3193206, 'Noemi Durrand', '1992-02-11', '+30 (309) 206-8596', 'ndurrand28@cbsnews.com'),
(4909517, 'Andros Haukey', '1986-10-13', '+86 (981) 245-7129', ''),
(6016908, 'Lisette Turnor', '1997-06-14', '+33 (521) 623-8297', 'lturnor18@diigo.com'),
(6918365, 'Dennie Ferrotti', '2004-09-27', '+598 (700) 318-3208', 'dferrotti2e@storify.com'),
(8060554, 'Vivi Stitch', '1993-07-31', '+263 (946) 251-1578', 'vstitch2n@msu.edu'),
(8327722, 'Calida Boon', '1992-09-07', '+230 (331) 531-8973', 'cboonk@unicef.org'),
(8640576, 'Marchall Morley', '1990-08-16', '+48 (491) 134-4901', 'mmorley1a@cbsnews.com'),
(10839587, 'Evania Roloff', '1996-11-22', '+380 (227) 852-0779', 'eroloff2j@exblog.jp'),
(11752570, 'Evvy Drinkwater', '2000-02-08', '+359 (465) 467-1039', 'edrinkwater12@phpbb.com'),
(17260889, 'Kathlin Kingzett', '1991-04-14', '+62 (997) 869-0607', 'kkingzett23@yolasite.com'),
(17534639, 'Miner Athy', '1990-08-11', '+998 (111) 818-0176', 'mathy15@free.fr'),
(17819186, 'Merill Ashington', '2006-03-20', '+86 (524) 382-5470', 'mashington9@ifeng.com'),
(18778188, 'Marys Recher', '2003-07-24', '+216 (737) 493-7907', 'mrecherz@taobao.com'),
(19326487, 'Ermin Mendonca', '1995-01-12', '+86 (397) 955-8788', 'emendonca1m@ehow.com'),
(19691373, 'Auria Stiffkins', '2006-11-27', '+51 (127) 844-7493', 'astiffkins2l@xrea.com'),
(19980571, 'Porty Kinchlea', '1992-06-10', '+27 (504) 762-0383', 'pkinchlea1s@hatena.ne.jp'),
(21414848, 'Danita Willbond', '1992-09-06', '+62 (154) 598-3601', 'dwillbondi@home.pl'),
(22768787, 'Flory Fesby', '1986-02-13', '+54 (405) 248-8412', ''),
(22999221, 'Ferrell Shucksmith', '2003-06-20', '+52 (895) 715-0232', 'fshucksmith1v@xrea.com'),
(23935301, 'Goldy Cowdery', '1993-02-08', '+231 (338) 701-1043', 'gcowdery2h@adobe.com'),
(24300736, 'Aleece Crone', '1995-05-18', '+420 (410) 146-2768', 'acrone7@creativecommons.org'),
(25493052, 'Chip Polye', '2002-05-07', '+380 (108) 573-8387', ''),
(26671192, 'Ingrim McCloy', '1995-07-08', '+51 (675) 812-0089', 'imccloy1j@toplist.cz'),
(26793066, 'Gaylene Herion', '1996-12-20', '+62 (110) 646-9229', 'gherionv@uiuc.edu'),
(28343997, 'Conan Savary', '1990-08-02', '+55 (789) 631-0418', 'csavary1z@zdnet.com'),
(28819001, 'Aubert Olyfat', '2000-12-31', '+86 (503) 721-7377', 'aolyfat20@salon.com'),
(28983479, 'Antone Voase', '1991-12-27', '+54 (108) 350-0914', 'avoase24@meetup.com'),
(30347240, 'Chilton Shore', '1996-06-18', '+670 (499) 499-9210', 'cshorel@is.gd'),
(30794230, 'Diann Marzelo', '1992-09-16', '+62 (243) 189-4559', 'dmarzelo1h@reddit.com'),
(33348726, 'Jarad Sowrey', '1997-03-01', '+62 (287) 265-4992', 'jsowrey1u@ted.com'),
(34834866, 'Rosetta Culwen', '2000-12-31', '+62 (126) 841-7215', ''),
(34970697, 'Nataniel Rames', '2002-09-21', '+357 (520) 430-6359', 'nrames5@slate.com'),
(36662423, 'Zea Buckell', '2004-03-05', '+46 (172) 257-5173', 'zbuckellc@ezinearticles.com'),
(36718282, 'Lanette Aldrin', '1996-06-08', '+48 (224) 286-3140', 'laldrino@businessweek.com'),
(38091562, 'Libby Rainsbury', '1987-08-14', '+84 (457) 938-3015', 'lrainsbury1c@nhs.uk'),
(38405165, 'Wenona Halden', '2004-10-08', '+86 (763) 259-3887', 'whalden26@squidoo.com'),
(38481470, 'Madelyn Shelmardine', '1985-11-10', '+86 (451) 389-9497', 'mshelmardine4@cpanel.net'),
(39088011, 'Alister Karpinski', '2006-02-01', '+84 (921) 286-9439', 'akarpinski1d@howstuffworks.com'),
(40518483, 'Sibbie Janning', '1991-01-28', '+63 (600) 579-7997', ''),
(40602962, 'Sib Henze', '1993-10-13', '+86 (384) 423-9565', 'shenze1e@fema.gov'),
(43628823, 'Marlowe Gapper', '2002-08-27', '+86 (948) 852-9996', 'mgapperw@exblog.jp'),
(44570845, 'Pamela Carlaw', '2005-04-22', '+86 (227) 960-6480', 'pcarlaw2k@blinklist.com'),
(46709293, 'Quentin Waleworke', '1987-10-22', '+33 (490) 491-7791', 'qwaleworke0@reddit.com'),
(49060451, 'Isidore Handover', '1991-07-02', '+53 (165) 538-2514', 'ihandovere@yellowpages.com'),
(49457067, 'Martha Marsham', '1998-09-21', '+86 (469) 942-1593', 'mmarshama@un.org'),
(50587637, 'Lexis Mitkin', '1995-05-12', '+504 (668) 856-9164', 'lmitkin1l@wsj.com'),
(50998854, 'Merwyn Vargas', '1996-06-20', '+353 (869) 927-5839', 'mvargas1k@omniture.com'),
(54246465, 'Mayne Aiken', '1986-01-03', '+66 (514) 581-4747', 'maiken11@boston.com'),
(55183048, 'Dolley Secker', '1988-09-20', '+81 (979) 813-7469', ''),
(56454662, 'Waite Cumber', '2002-01-17', '+86 (399) 129-6474', ''),
(56602811, 'Torry Grayston', '1991-09-06', '+55 (802) 838-4598', 'tgrayston25@japanpost.jp'),
(57079127, 'Darleen Bartrop', '1999-04-11', '+7 (229) 189-7008', 'dbartrop27@histats.com'),
(58673846, 'Bent Greening', '1987-05-30', '+63 (616) 923-0296', 'bgreeningf@weibo.com'),
(60044507, 'Odo Drewet', '1990-01-17', '+386 (731) 156-3339', ''),
(60461315, 'Almire Casini', '1998-04-18', '+55 (346) 876-3635', 'acasinir@accuweather.com'),
(60781109, 'Doralin Kiendl', '2000-10-17', '+994 (703) 236-9076', 'dkiendlp@dmoz.org'),
(61463254, 'Modesty Ashenhurst', '2002-08-16', '+46 (100) 952-6777', 'mashenhurst1y@cyberchimps.com'),
(61688129, 'Lilias Gorrick', '2002-04-03', '+252 (289) 408-5301', 'lgorrick8@yelp.com'),
(63977746, 'Carmel Sedgefield', '1989-02-22', '+61 (453) 634-7236', 'csedgefield1g@house.gov'),
(65063424, 'Tristam Bolte', '1989-09-15', '+60 (830) 901-8585', 'tbolten@typepad.com'),
(65073408, 'Ambrosio Yesenev', '1991-11-24', '+1 (901) 970-9988', 'ayesenev1q@microsoft.com'),
(65158652, 'Ursula Budgey', '1989-11-09', '+62 (242) 579-0313', 'ubudgey1b@gnu.org'),
(65772918, 'Oates Putley', '1985-03-12', '+46 (331) 546-6599', 'oputley2r@eventbrite.com'),
(66052573, 'Creigh Macrow', '1997-06-13', '+86 (307) 635-9871', 'cmacrow1o@rediff.com'),
(68263007, 'Clerkclaude Dundin', '2005-11-19', '+51 (427) 246-9623', 'cdundin10@imageshack.us'),
(70242690, 'Barrett Gumery', '1985-01-11', '+86 (154) 187-9123', 'bgumery1x@amazon.co.jp'),
(71886785, 'Devondra Bownde', '1995-10-12', '+856 (255) 408-2644', 'dbownde1i@mashable.com'),
(72005823, 'Frannie Boustred', '1997-07-07', '+62 (502) 842-6030', ''),
(73442967, 'Carmelina Prinett', '1992-05-10', '+60 (998) 155-4800', 'cprinetts@hexun.com'),
(74696770, 'Tadio Shrive', '1991-12-15', '+212 (453) 863-2748', 'tshrive16@netlog.com'),
(75364248, 'Rafaellle Breinlein', '1987-09-19', '+86 (957) 477-7008', 'rbreinlein2q@parallels.com'),
(76034985, 'Jennifer Vasichev', '2003-10-23', '+351 (834) 789-8191', 'jvasichev2c@uiuc.edu'),
(76774226, 'Roana Ivashov', '1987-01-31', '+33 (634) 207-7826', 'rivashovx@bing.com'),
(77065802, 'Penelope Hughesdon', '2002-12-30', '+380 (868) 165-2075', ''),
(77363168, 'Billie Tarte', '1996-10-21', '+54 (774) 246-5486', 'btartej@weebly.com'),
(77677599, 'Fredrick Tremaine', '1988-01-05', '+62 (736) 771-6020', 'ftremaine19@squidoo.com'),
(78238424, 'Vilhelmina Wey', '1993-04-10', '+86 (317) 659-0844', ''),
(81219728, 'Bobbee Noye', '1990-05-01', '+86 (587) 483-3935', ''),
(81881796, 'Veronika Jory', '1999-09-03', '+33 (435) 444-4515', 'vjory2o@washingtonpost.com'),
(82876556, 'Billie Jennemann', '1995-04-25', '+62 (913) 507-4720', 'bjennemann2b@cdc.gov'),
(84337209, 'Honoria Cleator', '2004-07-19', '+7 (625) 282-2961', 'hcleatory@usa.gov'),
(84950036, 'Claresta Menure', '2002-02-27', '+255 (209) 583-1654', 'cmenure2p@sina.com.cn'),
(85844073, 'Fritz William', '2002-04-01', '+62 (725) 246-8984', 'fwilliam1p@exblog.jp'),
(85877379, 'Ty Chismon', '1985-10-16', '+1 (724) 957-5075', ''),
(87741244, 'Babara Arstall', '1997-10-30', '+62 (392) 798-1605', 'barstall1w@kickstarter.com'),
(87799363, 'Angie Kerin', '1987-06-09', '+55 (746) 995-7234', 'akerin2f@uiuc.edu'),
(88659731, 'Thorstein Liepins', '1991-07-18', '+7 (845) 221-0297', 'tliepinsd@mapquest.com'),
(89981320, 'Joleen Alner', '1994-07-09', '+54 (369) 805-8818', 'jalner2m@acquirethisname.com'),
(90115871, 'Dinnie Castleton', '1988-12-13', '+62 (260) 947-9688', ''),
(90619121, 'Dud Cudmore', '1997-06-01', '+686 (350) 991-1418', 'dcudmore14@oaic.gov.au'),
(91501862, 'Ertha Stairs', '1990-08-07', '+86 (868) 134-9606', 'estairs13@illinois.edu'),
(93072699, 'Ynes Budnk', '2001-09-10', '+374 (105) 498-7868', ''),
(94330566, 'Minnie MacGaughy', '1987-01-03', '+62 (311) 712-2129', 'mmacgaughy2d@tuttocitta.it'),
(95600735, 'Meriel De Souza', '2006-05-16', '+63 (164) 503-4015', 'mde1t@themeforest.net'),
(99285924, 'Ralf Gresser', '2004-02-14', '+86 (386) 561-4822', 'rgresser1r@sogou.com');

-- --------------------------------------------------------

--
-- Table structure for table `vizsga`
--

CREATE TABLE `vizsga` (
  `kod` int(9) NOT NULL,
  `tanulo_id` int(9) DEFAULT NULL,
  `tipus` varchar(12) DEFAULT NULL,
  `datum` date DEFAULT NULL,
  `eredmeny` tinyint(1) DEFAULT NULL
) ENGINE=InnoDB DEFAULT CHARSET=utf8 COLLATE=utf8_general_ci;

--
-- Dumping data for table `vizsga`
--

INSERT INTO `vizsga` (`kod`, `tanulo_id`, `tipus`, `datum`, `eredmeny`) VALUES
(5161470, 26671192, 'Forgalmi', '2025-09-16', 1),
(7157519, 6918365, 'KRESZ', '2025-12-11', 1),
(28256311, 40602962, 'Forgalmi', '2025-02-25', 1),
(36872414, 1711627, 'Pszichoteszt', '2025-04-03', 1),
(42242178, 8640576, 'Forgalmi', '2025-01-02', 1),
(57083174, 34970697, 'Elsősegély', '2025-10-22', 1),
(66756090, 28983479, 'KRESZ', '2025-06-25', 0),
(86148918, 38405165, 'Forgalmi', '2025-05-24', 1),
(102746342, 56602811, 'KRESZ', '2025-07-24', 1),
(105141098, 39088011, 'Forgalmi', '2025-07-09', 1),
(114684445, 34970697, 'KRESZ', '2025-10-29', 0),
(120300379, 28819001, 'KRESZ', '2025-12-17', 1),
(124362637, 34834866, 'Elsősegély', '2025-08-14', 0),
(131961265, 38481470, 'KRESZ', '2025-08-16', 1),
(145718092, 49060451, 'Elsősegély', '2025-05-28', 1),
(146108292, 36662423, 'Pszichoteszt', '2025-04-21', 1),
(147494741, 84950036, 'Pszichoteszt', '2025-12-01', 0),
(154963807, 43628823, 'KRESZ', '2025-04-29', 1),
(155331554, 40518483, 'Forgalmi', '2025-12-18', 1),
(163453613, 74696770, 'Elsősegély', '2025-04-19', 0),
(171298495, 38481470, 'Forgalmi', '2025-07-20', 1),
(183723308, 54246465, 'Pszichoteszt', '2025-07-02', 1),
(198672229, 30347240, 'Pszichoteszt', '2025-11-24', 1),
(201017040, 895795, 'Elsősegély', '2025-08-11', 0),
(208570082, 49060451, 'KRESZ', '2025-01-01', 1),
(211040759, 76774226, 'Elsősegély', '2025-01-04', 1),
(215143523, 90619121, 'Elsősegély', '2025-10-02', 0),
(215657112, 23935301, 'Pszichoteszt', '2025-06-04', 0),
(230280489, 24300736, 'Forgalmi', '2025-07-11', 0),
(237520345, 19326487, 'Pszichoteszt', '2025-01-04', 0),
(241091728, 90115871, 'Forgalmi', '2025-08-12', 0),
(244891782, 71886785, 'KRESZ', '2025-05-20', 1),
(248006895, 90115871, 'KRESZ', '2025-05-01', 0),
(277798772, 60781109, 'Elsősegély', '2025-07-26', 1),
(283532608, 65073408, 'Elsősegély', '2025-10-03', 0),
(294621896, 8640576, 'KRESZ', '2025-06-03', 1),
(319519921, 76034985, 'Pszichoteszt', '2025-06-10', 1),
(320787323, 17260889, 'KRESZ', '2025-01-05', 1),
(327868536, 18778188, 'Forgalmi', '2025-06-01', 1),
(330155176, 11752570, 'Forgalmi', '2025-11-20', 0),
(332205867, 34834866, 'Elsősegély', '2025-07-09', 0),
(334121010, 682197, 'Forgalmi', '2025-09-10', 1),
(340268453, 56602811, 'Elsősegély', '2025-07-08', 1),
(340358136, 65063424, 'Forgalmi', '2025-02-22', 1),
(352117984, 24300736, 'Forgalmi', '2025-07-26', 1),
(352540476, 8640576, 'Elsősegély', '2025-06-04', 0),
(357999207, 50998854, 'KRESZ', '2025-10-29', 1),
(358586358, 19980571, 'Forgalmi', '2025-06-05', 0),
(360241782, 90115871, 'Elsősegély', '2025-11-07', 0),
(362951733, 91501862, 'Elsősegély', '2025-04-21', 1),
(387008150, 28819001, 'Elsősegély', '2025-09-20', 0),
(392790768, 19980571, 'Forgalmi', '2025-09-01', 1),
(398724911, 82876556, 'KRESZ', '2025-11-12', 0),
(404997232, 30794230, 'Pszichoteszt', '2025-06-29', 1),
(425871715, 10839587, 'Pszichoteszt', '2025-03-08', 1),
(453647937, 43628823, 'Forgalmi', '2025-03-19', 1),
(457091326, 36662423, 'Elsősegély', '2025-01-21', 0),
(459559166, 38405165, 'Pszichoteszt', '2025-09-17', 1),
(463485808, 60781109, 'Elsősegély', '2025-03-26', 1),
(464738120, 68263007, 'KRESZ', '2025-12-02', 0),
(471138348, 77065802, 'KRESZ', '2025-01-17', 1),
(471420767, 93072699, 'Pszichoteszt', '2025-05-24', 1),
(478933676, 60044507, 'Elsősegély', '2025-12-21', 1),
(484375073, 77677599, 'Forgalmi', '2025-11-02', 0),
(500700535, 25493052, 'Forgalmi', '2025-05-05', 1),
(501854939, 81219728, 'Forgalmi', '2025-01-23', 1),
(505107150, 55183048, 'KRESZ', '2025-04-11', 0),
(515798046, 85877379, 'Elsősegély', '2025-11-16', 0),
(521375133, 68263007, 'Elsősegély', '2025-10-10', 1),
(529329013, 17534639, 'Pszichoteszt', '2025-04-17', 1),
(537878883, 88659731, 'KRESZ', '2025-06-29', 0),
(541866430, 91501862, 'Forgalmi', '2025-01-24', 1),
(551976763, 63977746, 'Elsősegély', '2025-05-22', 1),
(553013165, 17819186, 'Elsősegély', '2025-08-18', 0),
(558478818, 8640576, 'KRESZ', '2025-11-25', 1),
(573701046, 84950036, 'Forgalmi', '2025-05-19', 1),
(575712173, 76774226, 'KRESZ', '2025-05-31', 1),
(579226477, 66052573, 'Forgalmi', '2025-09-15', 1),
(584781203, 38481470, 'Forgalmi', '2025-03-30', 1),
(598670124, 18778188, 'KRESZ', '2025-03-15', 1),
(613511993, 34834866, 'Elsősegély', '2025-10-26', 0),
(640321271, 56602811, 'Elsősegély', '2025-06-20', 1),
(641576379, 19326487, 'KRESZ', '2025-05-21', 1),
(669871952, 38091562, 'KRESZ', '2025-01-07', 0),
(677477661, 71886785, 'KRESZ', '2025-09-04', 1),
(677704792, 50587637, 'KRESZ', '2025-06-18', 1),
(677844423, 61463254, 'Forgalmi', '2025-04-28', 1),
(699745684, 54246465, 'Forgalmi', '2025-11-28', 1),
(701666863, 21414848, 'KRESZ', '2025-05-21', 1),
(713063065, 81881796, 'Elsősegély', '2025-07-31', 0),
(715313997, 75364248, 'KRESZ', '2025-07-25', 0),
(721992180, 10839587, 'Elsősegély', '2025-04-13', 1),
(725153495, 94330566, 'KRESZ', '2025-10-06', 1),
(726630218, 88659731, 'Elsősegély', '2025-08-13', 1),
(727824128, 94330566, 'Forgalmi', '2025-08-25', 1),
(727994375, 65772918, 'KRESZ', '2025-11-18', 1),
(728866279, 65063424, 'Elsősegély', '2025-04-05', 0),
(730579498, 19691373, 'Elsősegély', '2025-12-05', 1),
(737007177, 65073408, 'Pszichoteszt', '2025-09-27', 0),
(742816238, 3193206, 'KRESZ', '2025-04-11', 1),
(750490792, 68263007, 'Forgalmi', '2025-03-15', 0),
(751121352, 10839587, 'Forgalmi', '2025-04-14', 1),
(758087026, 50587637, 'Elsősegély', '2025-12-28', 0),
(759230768, 94330566, 'Forgalmi', '2025-03-13', 1),
(760601769, 55183048, 'Pszichoteszt', '2025-03-10', 1),
(765912194, 56602811, 'Elsősegély', '2025-11-10', 0),
(766753830, 6918365, 'Forgalmi', '2025-09-25', 0),
(769031531, 70242690, 'KRESZ', '2025-11-19', 0),
(771800221, 36718282, 'KRESZ', '2025-01-04', 0),
(779927053, 34970697, 'Forgalmi', '2025-01-23', 0),
(785719026, 60044507, 'Elsősegély', '2025-11-09', 1),
(809642855, 30794230, 'Forgalmi', '2025-05-27', 0),
(810246364, 34834866, 'Elsősegély', '2025-02-12', 1),
(811044480, 76774226, 'Pszichoteszt', '2025-08-28', 1),
(817703318, 28343997, 'Elsősegély', '2025-04-25', 1),
(830314723, 76034985, 'Elsősegély', '2025-04-01', 0),
(868417171, 84337209, 'Forgalmi', '2025-12-04', 1),
(880343247, 88659731, 'Elsősegély', '2025-08-04', 1),
(884647869, 38481470, 'Elsősegély', '2025-02-27', 1),
(888094110, 77363168, 'Forgalmi', '2025-01-20', 1),
(888157857, 19326487, 'Pszichoteszt', '2025-04-13', 1),
(904084871, 65063424, 'Elsősegély', '2025-05-24', 1),
(922304764, 81219728, 'KRESZ', '2025-06-09', 1),
(937243733, 74696770, 'Elsősegély', '2025-07-13', 0),
(951100713, 85844073, 'KRESZ', '2025-04-26', 1),
(952125085, 18778188, 'KRESZ', '2025-11-17', 1),
(962787570, 50998854, 'Pszichoteszt', '2025-09-14', 0),
(968650418, 23935301, 'KRESZ', '2025-12-09', 1),
(980845518, 81219728, 'KRESZ', '2025-06-18', 0),
(989701663, 58673846, 'KRESZ', '2025-12-18', 1);

--
-- Indexes for dumped tables
--

--
-- Indexes for table `jelentkezes`
--
ALTER TABLE `jelentkezes`
  ADD PRIMARY KEY (`sorszam`),
  ADD KEY `fk_jelentkezes_tanulo` (`tanulo_id`),
  ADD KEY `fk_jelentkezes_tanfolyam` (`tanfolyam_id`),
  ADD KEY `fk_jelentkezes_oktato` (`oktato_id`);

--
-- Indexes for table `oktato`
--
ALTER TABLE `oktato`
  ADD PRIMARY KEY (`oktato_id`);

--
-- Indexes for table `tanfolyam`
--
ALTER TABLE `tanfolyam`
  ADD PRIMARY KEY (`tanfolyam_id`);

--
-- Indexes for table `tanulo`
--
ALTER TABLE `tanulo`
  ADD PRIMARY KEY (`tanulo_id`);

--
-- Indexes for table `vizsga`
--
ALTER TABLE `vizsga`
  ADD PRIMARY KEY (`kod`),
  ADD KEY `fk_vizsga_tanulo` (`tanulo_id`);

--
-- Constraints for dumped tables
--

--
-- Constraints for table `jelentkezes`
--
ALTER TABLE `jelentkezes`
  ADD CONSTRAINT `fk_jelentkezes_oktato` FOREIGN KEY (`oktato_id`) REFERENCES `oktato` (`oktato_id`),
  ADD CONSTRAINT `fk_jelentkezes_tanfolyam` FOREIGN KEY (`tanfolyam_id`) REFERENCES `tanfolyam` (`tanfolyam_id`),
  ADD CONSTRAINT `fk_jelentkezes_tanulo` FOREIGN KEY (`tanulo_id`) REFERENCES `tanulo` (`tanulo_id`);

--
-- Constraints for table `vizsga`
--
ALTER TABLE `vizsga`
  ADD CONSTRAINT `fk_vizsga_tanulo` FOREIGN KEY (`tanulo_id`) REFERENCES `tanulo` (`tanulo_id`);
COMMIT;

/*!40101 SET CHARACTER_SET_CLIENT=@OLD_CHARACTER_SET_CLIENT */;
/*!40101 SET CHARACTER_SET_RESULTS=@OLD_CHARACTER_SET_RESULTS */;
/*!40101 SET COLLATION_CONNECTION=@OLD_COLLATION_CONNECTION */;
